Award Title,film_name,Nominee Name(s),Won,Year,url
Actor in a Leading Role,The Whale,Brendan Fraser,1,2023,https://letterboxd.com/film/the-whale-2022/
Actor in a Leading Role,Elvis,Austin Butler,0,2023,https://letterboxd.com/film/elvis-2022/
Actor in a Leading Role,The Banshees of Inisherin,Colin Farrell,0,2023,https://letterboxd.com/film/the-banshees-of-inisherin/
Actor in a Leading Role,Aftersun,Paul Mescal,0,2023,https://letterboxd.com/film/aftersun/
Actor in a Leading Role,Living,Bill Nighy,0,2023,https://letterboxd.com/film/living-2022/
Actor in a Supporting Role,Everything Everywhere All at Once,Ke Huy Quan,1,2023,https://letterboxd.com/film/everything-everywhere-all-at-once/
Actor in a Supporting Role,The Banshees of Inisherin,Brendan Gleeson,0,2023,https://letterboxd.com/film/the-banshees-of-inisherin/
Actor in a Supporting Role,Causeway,Brian Tyree Henry,0,2023,https://letterboxd.com/film/causeway/
Actor in a Supporting Role,The Fabelmans,Judd Hirsch,0,2023,https://letterboxd.com/film/the-fabelmans/
Actor in a Supporting Role,The Banshees of Inisherin,Barry Keoghan,0,2023,https://letterboxd.com/film/the-banshees-of-inisherin/
Actress in a Leading Role,Everything Everywhere All at Once,Michelle Yeoh,1,2023,https://letterboxd.com/film/everything-everywhere-all-at-once/
Actress in a Leading Role,Tár,Cate Blanchett,0,2023,https://letterboxd.com/film/tar-2022/
Actress in a Leading Role,Blonde,Ana de Armas,0,2023,https://letterboxd.com/film/blonde-2022/
Actress in a Leading Role,To Leslie,Andrea Riseborough,0,2023,https://letterboxd.com/film/to-leslie/
Actress in a Leading Role,The Fabelmans,Michelle Williams,0,2023,https://letterboxd.com/film/the-fabelmans/
Actress in a Supporting Role,Everything Everywhere All at Once,Jamie Lee Curtis,1,2023,https://letterboxd.com/film/everything-everywhere-all-at-once/
Actress in a Supporting Role,Black Panther: Wakanda Forever,Angela Bassett,0,2023,https://letterboxd.com/film/black-panther-wakanda-forever/
Actress in a Supporting Role,The Whale,Hong Chau,0,2023,https://letterboxd.com/film/the-whale-2022/
Actress in a Supporting Role,The Banshees of Inisherin,Kerry Condon,0,2023,https://letterboxd.com/film/the-banshees-of-inisherin/
Actress in a Supporting Role,Everything Everywhere All at Once,Stephanie Hsu,0,2023,https://letterboxd.com/film/everything-everywhere-all-at-once/
Animated Feature Film,Guillermo del Toro's Pinocchio,"Guillermo del Toro, Mark Gustafson, Gary Ungar, and Alex Bulkley",1,2023,https://letterboxd.com/film/guillermo-del-toros-pinocchio/
Animated Feature Film,Marcel the Shell with Shoes On,"Dean Fleischer Camp, Elisabeth Holm, Andrew Goldman, Caroline Kaplan, and Paul Mezey",0,2023,https://letterboxd.com/film/marcel-the-shell-with-shoes-on-2021/
Animated Feature Film,Puss in Boots: The Last Wish,Joel Crawford and Mark Swift,0,2023,https://letterboxd.com/film/puss-in-boots-the-last-wish/
Animated Feature Film,The Sea Beast,Chris Williams and Jed Schlanger,0,2023,https://letterboxd.com/film/the-sea-beast-2022/
Animated Feature Film,Turning Red,Domee Shi and Lindsey Collins,0,2023,https://letterboxd.com/film/turning-red/
Cinematography,All Quiet on the Western Front,James Friend,1,2023,https://letterboxd.com/film/all-quiet-on-the-western-front-2022/
Cinematography,"Bardo, False Chronicle of a Handful of Truths",Darius Khondji,0,2023,https://letterboxd.com/film/bardo-false-chronicle-of-a-handful-of-truths/
Cinematography,Elvis,Mandy Walker,0,2023,https://letterboxd.com/film/elvis-2022/
Cinematography,Empire of Light,Roger Deakins,0,2023,https://letterboxd.com/film/empire-of-light/
Cinematography,Tár,Florian Hoffmeister,0,2023,https://letterboxd.com/film/tar-2022/
Costume Design,Black Panther: Wakanda Forever,Ruth Carter,1,2023,https://letterboxd.com/film/black-panther-wakanda-forever/
Costume Design,Babylon,Mary Zophres,0,2023,https://letterboxd.com/film/babylon-2022/
Costume Design,Elvis,Catherine Martin,0,2023,https://letterboxd.com/film/elvis-2022/
Costume Design,Everything Everywhere All at Once,Shirley Kurata,0,2023,https://letterboxd.com/film/everything-everywhere-all-at-once/
Costume Design,Mrs. Harris Goes to Paris,Jenny Beavan,0,2023,https://letterboxd.com/film/mrs-harris-goes-to-paris/
Directing,Everything Everywhere All at Once,Daniel Kwan and Daniel Scheinert,1,2023,https://letterboxd.com/film/everything-everywhere-all-at-once/
Directing,The Banshees of Inisherin,Martin McDonagh,0,2023,https://letterboxd.com/film/the-banshees-of-inisherin/
Directing,The Fabelmans,Steven Spielberg,0,2023,https://letterboxd.com/film/the-fabelmans/
Directing,Tár,Todd Field,0,2023,https://letterboxd.com/film/tar-2022/
Directing,Triangle of Sadness,Ruben Östlund,0,2023,https://letterboxd.com/film/triangle-of-sadness/
Documentary Feature Film,Navalny,"Daniel Roher, Odessa Rae, Diane Becker, Melanie Miller, and Shane Boris",1,2023,https://letterboxd.com/film/navalny/
Documentary Feature Film,All That Breathes,"Shaunak Sen, Aman Mann, and Teddy Leifer",0,2023,https://letterboxd.com/film/all-that-breathes/
Documentary Feature Film,All the Beauty and the Bloodshed,"Laura Poitras, Howard Gertler, John Lyons, Nan Goldin, and Yoni Golijov",0,2023,https://letterboxd.com/film/all-the-beauty-and-the-bloodshed/
Documentary Feature Film,Fire of Love,"Sara Dosa, Shane Boris, and Ina Fichman",0,2023,https://letterboxd.com/film/fire-of-love-2022/
Documentary Feature Film,A House Made of Splinters,Simon Lereng Wilmont and Monica Hellström,0,2023,https://letterboxd.com/film/a-house-made-of-splinters/
Documentary Short Film,The Elephant Whisperers,Kartiki Gonsalves and Guneet Monga,1,2023,https://letterboxd.com/film/the-elephant-whisperers/
Documentary Short Film,Haulout,Evgenia Arbugaeva and Maxim Arbugaev,0,2023,https://letterboxd.com/film/haulout/
Documentary Short Film,How Do You Measure a Year?,Jay Rosenblatt,0,2023,https://letterboxd.com/film/how-do-you-measure-a-year/
Documentary Short Film,The Martha Mitchell Effect,Anne Alvergue and Beth Levison,0,2023,https://letterboxd.com/film/the-martha-mitchell-effect/
Documentary Short Film,Stranger at the Gate,Joshua Seftel and Conall Jones,0,2023,https://letterboxd.com/film/stranger-at-the-gate/
Film Editing,Everything Everywhere All at Once,Paul Rogers,1,2023,https://letterboxd.com/film/everything-everywhere-all-at-once/
Film Editing,The Banshees of Inisherin,Mikkel E.G. Nielsen,0,2023,https://letterboxd.com/film/the-banshees-of-inisherin/
Film Editing,Elvis,Matt Villa and Jonathan Redmond,0,2023,https://letterboxd.com/film/elvis-2022/
Film Editing,Tár,Monika Willi,0,2023,https://letterboxd.com/film/tar-2022/
Film Editing,Top Gun: Maverick,Eddie Hamilton,0,2023,https://letterboxd.com/film/top-gun-maverick/
International Feature Film,All Quiet on the Western Front,Germany,1,2023,https://letterboxd.com/film/all-quiet-on-the-western-front-2022/
International Feature Film,"Argentina, 1985",Argentina,0,2023,https://letterboxd.com/film/argentina-1985/
International Feature Film,Close,Belgium,0,2023,https://letterboxd.com/film/close-2022/
International Feature Film,EO,Poland,0,2023,https://letterboxd.com/film/eo/
International Feature Film,The Quiet Girl,Ireland,0,2023,https://letterboxd.com/film/the-quiet-girl/
Makeup and Hairstyling,The Whale,"Adrien Morot, Judy Chin, and Annemarie Bradley",1,2023,https://letterboxd.com/film/the-whale-2022/
Makeup and Hairstyling,All Quiet on the Western Front,Heike Merker and Linda Eisenhamerová,0,2023,https://letterboxd.com/film/all-quiet-on-the-western-front-2022/
Makeup and Hairstyling,The Batman,"Naomi Donne, Mike Marino, and Mike Fontaine",0,2023,https://letterboxd.com/film/the-batman/
Makeup and Hairstyling,Black Panther: Wakanda Forever,Camille Friend and Joel Harlow,0,2023,https://letterboxd.com/film/black-panther-wakanda-forever/
Makeup and Hairstyling,Elvis,"Mark Coulier, Jason Baird, and Aldo Signoretti",0,2023,https://letterboxd.com/film/elvis-2022/
Music (Original Score),All Quiet on the Western Front,Volker Bertelmann,1,2023,https://letterboxd.com/film/all-quiet-on-the-western-front-2022/
Music (Original Score),Babylon,Justin Hurwitz,0,2023,https://letterboxd.com/film/babylon-2022/
Music (Original Score),The Banshees of Inisherin,Carter Burwell,0,2023,https://letterboxd.com/film/the-banshees-of-inisherin/
Music (Original Score),Everything Everywhere All at Once,Son Lux,0,2023,https://letterboxd.com/film/everything-everywhere-all-at-once/
Music (Original Score),The Fabelmans,John Williams,0,2023,https://letterboxd.com/film/the-fabelmans/
Best Picture,Everything Everywhere All at Once,"Daniel Kwan, Daniel Scheinert, and Jonathan Wang",1,2023,https://letterboxd.com/film/everything-everywhere-all-at-once/
Best Picture,All Quiet on the Western Front,Malte Grunert,0,2023,https://letterboxd.com/film/all-quiet-on-the-western-front-2022/
Best Picture,Avatar: The Way of Water,James Cameron and Jon Landau,0,2023,https://letterboxd.com/film/avatar-the-way-of-water/
Best Picture,The Banshees of Inisherin,"Graham Broadbent, Pete Czernin, and Martin McDonagh",0,2023,https://letterboxd.com/film/the-banshees-of-inisherin/
Best Picture,Elvis,"Baz Luhrmann, Catherine Martin, Gail Berman, Patrick McCormick, and Schuyler Weiss",0,2023,https://letterboxd.com/film/elvis-2022/
Best Picture,The Fabelmans,"Kristie Macosko Krieger, Steven Spielberg, and Tony Kushner",0,2023,https://letterboxd.com/film/the-fabelmans/
Best Picture,Tár,"Todd Field, Alexandra Milchan, and Scott Lambert",0,2023,https://letterboxd.com/film/tar-2022/
Best Picture,Top Gun: Maverick,"Tom Cruise, Christopher McQuarrie, David Ellison, and Jerry Bruckheimer",0,2023,https://letterboxd.com/film/top-gun-maverick/
Best Picture,Triangle of Sadness,Erik Hemmendorff and Philippe Bober,0,2023,https://letterboxd.com/film/triangle-of-sadness/
Best Picture,Women Talking,"Dede Gardner, Jeremy Kleiner, and Frances McDormand",0,2023,https://letterboxd.com/film/women-talking/
Production Design,All Quiet on the Western Front,Production Design: Christian M. Goldbeck; Set Decoration: Ernestine Hipper,1,2023,https://letterboxd.com/film/all-quiet-on-the-western-front-2022/
Production Design,Avatar: The Way of Water,Production Design: Dylan Cole and Ben Procter; Set Decoration: Vanessa Cole,0,2023,https://letterboxd.com/film/avatar-the-way-of-water/
Production Design,Babylon,Production Design: Florencia Martin; Set Decoration: Anthony Carlino,0,2023,https://letterboxd.com/film/babylon-2022/
Production Design,Elvis,Production Design: Catherine Martin and Karen Murphy; Set Decoration: Bev Dunn,0,2023,https://letterboxd.com/film/elvis-2022/
Production Design,The Fabelmans,Production Design: Rick Carter; Set Decoration: Karen O'Hara,0,2023,https://letterboxd.com/film/the-fabelmans/
Short Film (Animated),"The Boy, the Mole, the Fox and the Horse",Charlie Mackesy and Matthew Freud,1,2023,https://letterboxd.com/film/the-boy-the-mole-the-fox-and-the-horse/
Short Film (Animated),The Flying Sailor,Amanda Forbis and Wendy Tilby,0,2023,https://letterboxd.com/film/the-flying-sailor/
Short Film (Animated),Ice Merchants,João Gonzalez and Bruno Caetano,0,2023,https://letterboxd.com/film/ice-merchants/
Short Film (Animated),My Year of Dicks,Sara Gunnarsdóttir and Pamela Ribon,0,2023,https://letterboxd.com/film/my-year-of-dicks/
Short Film (Animated),An Ostrich Told Me the World Is Fake and I Think I Believe It,Lachlan Pendragon,0,2023,https://letterboxd.com/film/an-ostrich-told-me-the-world-is-fake-and-i-think-i-believe-it/
Short Film (Live Action),An Irish Goodbye,Tom Berkeley and Ross White,1,2023,https://letterboxd.com/film/an-irish-goodbye/
Short Film (Live Action),Ivalu,Anders Walter and Rebecca Pruzan,0,2023,https://letterboxd.com/film/ivalu/
Short Film (Live Action),Le Pupille,Alice Rohrwacher and Alfonso Cuarón,0,2023,https://letterboxd.com/film/le-pupille/
Short Film (Live Action),Night Ride,Eirik Tveiten and Gaute Lid Larssen,0,2023,https://letterboxd.com/film/night-ride-2022/
Short Film (Live Action),The Red Suitcase,Cyrus Neshvad,0,2023,https://letterboxd.com/film/the-red-suitcase/
Sound,Top Gun: Maverick,"Mark Weingarten, James H. Mather, Al Nelson, Chris Burdon, and Mark Taylor",1,2023,https://letterboxd.com/film/top-gun-maverick/
Sound,All Quiet on the Western Front,"Viktor Prášil, Frank Kruse, Markus Stemler, Lars Ginzel, and Stefan Korte",0,2023,https://letterboxd.com/film/all-quiet-on-the-western-front-2022/
Sound,Avatar: The Way of Water,"Julian Howarth, Gwendolyn Yates Whittle, Dick Bernstein, Christopher Boyes, Gary Summers, and Michael Hedges",0,2023,https://letterboxd.com/film/avatar-the-way-of-water/
Sound,The Batman,"Stuart Wilson, William Files, Douglas Murray, and Andy Nelson",0,2023,https://letterboxd.com/film/the-batman/
Sound,Elvis,"David Lee, Wayne Pashley, Andy Nelson, and Michael Keller",0,2023,https://letterboxd.com/film/elvis-2022/
Visual Effects,Avatar: The Way of Water,"Joe Letteri, Richard Baneham, Eric Saindon, and Daniel Barrett",1,2023,https://letterboxd.com/film/avatar-the-way-of-water/
Visual Effects,All Quiet on the Western Front,"Frank Petzold, Viktor Müller, Markus Frank, and Kamil Jafar",0,2023,https://letterboxd.com/film/all-quiet-on-the-western-front-2022/
Visual Effects,The Batman,"Dan Lemmon, Russell Earl, Anders Langlands, and Dominic Tuohy",0,2023,https://letterboxd.com/film/the-batman/
Visual Effects,Black Panther: Wakanda Forever,"Geoffrey Baumann, Craig Hammack, R. Christopher White, and Dan Sudick",0,2023,https://letterboxd.com/film/black-panther-wakanda-forever/
Visual Effects,Top Gun: Maverick,"Ryan Tudhope, Seth Hill, Bryan Litson, and Scott R. Fisher",0,2023,https://letterboxd.com/film/top-gun-maverick/
Writing (Adapted Screenplay),Women Talking,Sarah Polley,1,2023,https://letterboxd.com/film/women-talking/
Writing (Adapted Screenplay),All Quiet on the Western Front,"Edward Berger, Lesley Paterson & Ian Stokell",0,2023,https://letterboxd.com/film/all-quiet-on-the-western-front-2022/
Writing (Adapted Screenplay),Glass Onion: A Knives Out Mystery,Rian Johnson,0,2023,https://letterboxd.com/film/glass-onion-a-knives-out-mystery/
Writing (Adapted Screenplay),Living,Kazuo Ishiguro,0,2023,https://letterboxd.com/film/living-2022/
Writing (Adapted Screenplay),Top Gun: Maverick,"Ehren Kruger, Eric Warren Singer, Christopher McQuarrie; Story by Peter Craig and Justin Marks",0,2023,https://letterboxd.com/film/top-gun-maverick/
Writing (Original Screenplay),Everything Everywhere All at Once,Daniel Kwan & Daniel Scheinert,1,2023,https://letterboxd.com/film/everything-everywhere-all-at-once/
Writing (Original Screenplay),The Banshees of Inisherin,Martin McDonagh,0,2023,https://letterboxd.com/film/the-banshees-of-inisherin/
Writing (Original Screenplay),The Fabelmans,Steven Spielberg & Tony Kushner,0,2023,https://letterboxd.com/film/the-fabelmans/
Writing (Original Screenplay),Tár,Todd Field,0,2023,https://letterboxd.com/film/tar-2022/
Writing (Original Screenplay),Triangle of Sadness,Ruben Östlund,0,2023,https://letterboxd.com/film/triangle-of-sadness/
Actor in a Leading Role,King Richard,Will Smith,1,2022,https://letterboxd.com/film/king-richard/
Actor in a Leading Role,Being the Ricardos,Javier Bardem,0,2022,https://letterboxd.com/film/being-the-ricardos/
Actor in a Leading Role,The Power of the Dog,Benedict Cumberbatch,0,2022,https://letterboxd.com/film/the-power-of-the-dog/
Actor in a Leading Role,"tick, tick...BOOM!",Andrew Garfield,0,2022,https://letterboxd.com/film/tick-tickboom/
Actor in a Leading Role,The Tragedy of Macbeth,Denzel Washington,0,2022,https://letterboxd.com/film/the-tragedy-of-macbeth/
Actor in a Supporting Role,CODA,Troy Kotsur,1,2022,https://letterboxd.com/film/coda-2021/
Actor in a Supporting Role,Belfast,Ciarán Hinds,0,2022,https://letterboxd.com/film/belfast/
Actor in a Supporting Role,The Power of the Dog,Jesse Plemons,0,2022,https://letterboxd.com/film/the-power-of-the-dog/
Actor in a Supporting Role,Being the Ricardos,J.K. Simmons,0,2022,https://letterboxd.com/film/being-the-ricardos/
Actor in a Supporting Role,The Power of the Dog,Kodi Smit-McPhee,0,2022,https://letterboxd.com/film/the-power-of-the-dog/
Actress in a Leading Role,The Eyes of Tammy Faye,Jessica Chastain,1,2022,https://letterboxd.com/film/the-eyes-of-tammy-faye-2021/
Actress in a Leading Role,The Lost Daughter,Olivia Colman,0,2022,https://letterboxd.com/film/the-lost-daughter-2021/
Actress in a Leading Role,Parallel Mothers,Penélope Cruz,0,2022,https://letterboxd.com/film/parallel-mothers/
Actress in a Leading Role,Being the Ricardos,Nicole Kidman,0,2022,https://letterboxd.com/film/being-the-ricardos/
Actress in a Leading Role,Spencer,Kristen Stewart,0,2022,https://letterboxd.com/film/spencer-2021/
Actress in a Supporting Role,West Side Story,Ariana DeBose,1,2022,https://letterboxd.com/film/west-side-story-2021/
Actress in a Supporting Role,The Lost Daughter,Jessie Buckley,0,2022,https://letterboxd.com/film/the-lost-daughter-2021/
Actress in a Supporting Role,Belfast,Judi Dench,0,2022,https://letterboxd.com/film/belfast/
Actress in a Supporting Role,The Power of the Dog,Kirsten Dunst,0,2022,https://letterboxd.com/film/the-power-of-the-dog/
Actress in a Supporting Role,King Richard,Aunjanue Ellis,0,2022,https://letterboxd.com/film/king-richard/
Animated Feature Film,Encanto,"Jared Bush, Byron Howard, Yvett Merino and Clark Spencer",1,2022,https://letterboxd.com/film/encanto/
Animated Feature Film,Flee,"Jonas Poher Rasmussen, Monica Hellström, Signe Byrge Sørensen and Charlotte De La Gournerie",0,2022,https://letterboxd.com/film/flee-2021/
Animated Feature Film,Luca,Enrico Casarosa and Andrea Warren,0,2022,https://letterboxd.com/film/luca-2021/
Animated Feature Film,The Mitchells vs. the Machines,"Mike Rianda, Phil Lord, Christopher Miller and Kurt Albrecht",0,2022,https://letterboxd.com/film/the-mitchells-vs-the-machines/
Animated Feature Film,Raya and the Last Dragon,"Don Hall, Carlos López Estrada, Osnat Shurer and Peter Del Vecho",0,2022,https://letterboxd.com/film/raya-and-the-last-dragon/
Cinematography,Dune,Greig Fraser,1,2022,https://letterboxd.com/film/dune-2021/
Cinematography,Nightmare Alley,Dan Laustsen,0,2022,https://letterboxd.com/film/nightmare-alley-2021/
Cinematography,The Power of the Dog,Ari Wegner,0,2022,https://letterboxd.com/film/the-power-of-the-dog/
Cinematography,The Tragedy of Macbeth,Bruno Delbonnel,0,2022,https://letterboxd.com/film/the-tragedy-of-macbeth/
Cinematography,West Side Story,Janusz Kaminski,0,2022,https://letterboxd.com/film/west-side-story-2021/
Costume Design,Cruella,Jenny Beavan,1,2022,https://letterboxd.com/film/cruella/
Costume Design,Cyrano,Massimo Cantini Parrini and Jacqueline Durran,0,2022,https://letterboxd.com/film/cyrano-2021/
Costume Design,Dune,Jacqueline West and Robert Morgan,0,2022,https://letterboxd.com/film/dune-2021/
Costume Design,Nightmare Alley,Luis Sequeira,0,2022,https://letterboxd.com/film/nightmare-alley-2021/
Costume Design,West Side Story,Paul Tazewell,0,2022,https://letterboxd.com/film/west-side-story-2021/
Directing,The Power of the Dog,Jane Campion,1,2022,https://letterboxd.com/film/the-power-of-the-dog/
Directing,Belfast,Kenneth Branagh,0,2022,https://letterboxd.com/film/belfast/
Directing,Drive My Car,Ryusuke Hamaguchi,0,2022,https://letterboxd.com/film/drive-my-car/
Directing,Licorice Pizza,Paul Thomas Anderson,0,2022,https://letterboxd.com/film/licorice-pizza/
Directing,West Side Story,Steven Spielberg,0,2022,https://letterboxd.com/film/west-side-story-2021/
Documentary (Feature),"Summer of Soul (...Or, When the Revolution Could Not Be Televised)","Ahmir ""Questlove"" Thompson, Joseph Patel, Robert Fyvolent and David Dinerstein",1,2022,https://letterboxd.com/film/summer-of-soul-or-when-the-revolution-could-not-be-televised/
Documentary (Feature),Ascension,"Jessica Kingdon, Kira Simon-Kennedy and Nathan Truesdell",0,2022,https://letterboxd.com/film/ascension-2021/
Documentary (Feature),Attica,Stanley Nelson and Traci A. Curry,0,2022,https://letterboxd.com/film/attica-2021/
Documentary (Feature),Flee,"Jonas Poher Rasmussen, Monica Hellström, Signe Byrge Sørensen and Charlotte De La Gournerie",0,2022,https://letterboxd.com/film/flee-2021/
Documentary (Feature),Writing with Fire,Rintu Thomas and Sushmit Ghosh,0,2022,https://letterboxd.com/film/writing-with-fire/
Documentary (Short Subject),The Queen of Basketball,Ben Proudfoot,1,2022,https://letterboxd.com/film/the-queen-of-basketball/
Documentary (Short Subject),Audible,Matt Ogens and Geoff McLean,0,2022,https://letterboxd.com/film/audible/
Documentary (Short Subject),Lead Me Home,Pedro Kos and Jon Shenk,0,2022,https://letterboxd.com/film/lead-me-home/
Documentary (Short Subject),Three Songs for Benazir,Elizabeth Mirzaei and Gulistan Mirzaei,0,2022,https://letterboxd.com/film/three-songs-for-benazir/
Documentary (Short Subject),When We Were Bullies,Jay Rosenblatt,0,2022,https://letterboxd.com/film/when-we-were-bullies/
Film Editing,Dune,Joe Walker,1,2022,https://letterboxd.com/film/dune-2021/
Film Editing,Don't Look Up,Hank Corwin,0,2022,https://letterboxd.com/film/dont-look-up-2021/
Film Editing,King Richard,Pamela Martin,0,2022,https://letterboxd.com/film/king-richard/
Film Editing,The Power of the Dog,Peter Sciberras,0,2022,https://letterboxd.com/film/the-power-of-the-dog/
Film Editing,"tick, tick...BOOM!",Myron Kerstein and Andrew Weisblum,0,2022,https://letterboxd.com/film/tick-tickboom/
International Feature Film,Drive My Car,Japan,1,2022,https://letterboxd.com/film/drive-my-car/
International Feature Film,Flee,Denmark,0,2022,https://letterboxd.com/film/flee-2021/
International Feature Film,The Hand of God,Italy,0,2022,https://letterboxd.com/film/the-hand-of-god/
International Feature Film,Lunana: A Yak in the Classroom,Bhutan,0,2022,https://letterboxd.com/film/lunana-a-yak-in-the-classroom/
International Feature Film,The Worst Person in the World,Norway,0,2022,https://letterboxd.com/film/the-worst-person-in-the-world/
Makeup and Hairstyling,The Eyes of Tammy Faye,"Linda Dowds, Stephanie Ingram and Justin Raleigh",1,2022,https://letterboxd.com/film/the-eyes-of-tammy-faye-2021/
Makeup and Hairstyling,Coming 2 America,"Mike Marino, Stacey Morris and Carla Farmer",0,2022,https://letterboxd.com/film/coming-2-america/
Makeup and Hairstyling,Cruella,"Nadia Stacey, Naomi Donne and Julia Vernon",0,2022,https://letterboxd.com/film/cruella/
Makeup and Hairstyling,Dune,"Donald Mowat, Love Larson and Eva von Bahr",0,2022,https://letterboxd.com/film/dune-2021/
Makeup and Hairstyling,House of Gucci,"Göran Lundström, Anna Carin Lock and Frederic Aspiras",0,2022,https://letterboxd.com/film/house-of-gucci/
Music (Original Score),Dune,Hans Zimmer,1,2022,https://letterboxd.com/film/dune-2021/
Music (Original Score),Don't Look Up,Nicholas Britell,0,2022,https://letterboxd.com/film/dont-look-up-2021/
Music (Original Score),Encanto,Germaine Franco,0,2022,https://letterboxd.com/film/encanto/
Music (Original Score),Parallel Mothers,Alberto Iglesias,0,2022,https://letterboxd.com/film/parallel-mothers/
Music (Original Score),The Power of the Dog,Jonny Greenwood,0,2022,https://letterboxd.com/film/the-power-of-the-dog/
Best Picture,CODA,"Philippe Rousselet, Fabrice Gianfermi and Patrick Wachsberger, Producers",1,2022,https://letterboxd.com/film/coda-2021/
Best Picture,Belfast,"Laura Berwick, Kenneth Branagh, Becca Kovacik and Tamar Thomas, Producers",0,2022,https://letterboxd.com/film/belfast/
Best Picture,Don't Look Up,"Adam McKay and Kevin Messick, Producers",0,2022,https://letterboxd.com/film/dont-look-up-2021/
Best Picture,Drive My Car,"Teruhisa Yamamoto, Producer",0,2022,https://letterboxd.com/film/drive-my-car/
Best Picture,Dune,"Mary Parent, Denis Villeneuve and Cale Boyter, Producers",0,2022,https://letterboxd.com/film/dune-2021/
Best Picture,King Richard,"Tim White, Trevor White and Will Smith, Producers",0,2022,https://letterboxd.com/film/king-richard/
Best Picture,Licorice Pizza,"Sara Murphy, Adam Somner and Paul Thomas Anderson, Producers",0,2022,https://letterboxd.com/film/licorice-pizza/
Best Picture,Nightmare Alley,"Guillermo del Toro, J. Miles Dale and Bradley Cooper, Producers",0,2022,https://letterboxd.com/film/nightmare-alley-2021/
Best Picture,The Power of the Dog,"Jane Campion, Tanya Seghatchian, Emile Sherman, Iain Canning and Roger Frappier, Producers",0,2022,https://letterboxd.com/film/the-power-of-the-dog/
Best Picture,West Side Story,"Steven Spielberg and Kristie Macosko Krieger, Producers",0,2022,https://letterboxd.com/film/west-side-story-2021/
Production Design,Dune,Patrice Vermette; Set Decoration: Zsuzsanna Sipos,1,2022,https://letterboxd.com/film/dune-2021/
Production Design,Nightmare Alley,Tamara Deverell; Set Decoration: Shane Vieau,0,2022,https://letterboxd.com/film/nightmare-alley-2021/
Production Design,The Power of the Dog,Grant Major; Set Decoration: Amber Richards,0,2022,https://letterboxd.com/film/the-power-of-the-dog/
Production Design,The Tragedy of Macbeth,Stefan Dechant; Set Decoration: Nancy Haigh,0,2022,https://letterboxd.com/film/the-tragedy-of-macbeth/
Production Design,West Side Story,Adam Stockhausen; Set Decoration: Rena DeAngelo,0,2022,https://letterboxd.com/film/west-side-story-2021/
Short Film (Animated),The Windshield Wiper,Alberto Mielgo and Leo Sanchez,1,2022,https://letterboxd.com/film/the-windshield-wiper/
Short Film (Animated),Affairs of the Art,Joanna Quinn and Les Mills,0,2022,https://letterboxd.com/film/affairs-of-the-art/
Short Film (Animated),Bestia,Hugo Covarrubias and Tevo Díaz,0,2022,https://letterboxd.com/film/bestia-2021/
Short Film (Animated),Boxballet,Anton Dyakov,0,2022,https://letterboxd.com/film/boxballet/
Short Film (Animated),Robin Robin,Dan Ojari and Mikey Please,0,2022,https://letterboxd.com/film/robin-robin/
Short Film (Live Action),The Long Goodbye,Aneil Karia and Riz Ahmed,1,2022,https://letterboxd.com/film/the-long-goodbye-2021/
Short Film (Live Action),Ala Kachuu - Take and Run,Maria Brendle and Nadine Lüchinger,0,2022,https://letterboxd.com/film/take-and-run/
Short Film (Live Action),The Dress,Tadeusz Łysiak and Maciej Ślesicki,0,2022,https://letterboxd.com/film/the-dress-2020/
Short Film (Live Action),On My Mind,Martin Strange-Hansen and Kim Magnusson,0,2022,https://letterboxd.com/film/on-my-mind-2021/
Short Film (Live Action),Please Hold,K.D. Dávila and Levin Menekse,0,2022,https://letterboxd.com/film/please-hold-2020/
Sound,Dune,"Mac Ruth, Mark Mangini, Theo Green, Doug Hemphill and Ron Bartlett",1,2022,https://letterboxd.com/film/dune-2021/
Sound,Belfast,"Denise Yarde, Simon Chase, James Mather and Niv Adiri",0,2022,https://letterboxd.com/film/belfast/
Sound,No Time To Die,"Simon Hayes, Oliver Tarney, James Harrison, Paul Massey and Mark Taylor",0,2022,https://letterboxd.com/film/no-time-to-die-2021/
Sound,The Power of the Dog,"Richard Flynn, Robert Mackenzie and Tara Webb",0,2022,https://letterboxd.com/film/the-power-of-the-dog/
Sound,West Side Story,"Tod A. Maitland, Gary Rydstrom, Brian Chumney, Andy Nelson and Shawn Murphy",0,2022,https://letterboxd.com/film/west-side-story-2021/
Visual Effects,Dune,"Paul Lambert, Tristan Myles, Brian Connor and Gerd Nefzer",1,2022,https://letterboxd.com/film/dune-2021/
Visual Effects,Free Guy,"Swen Gillberg, Bryan Grill, Nikos Kalaitzidis and Dan Sudick",0,2022,https://letterboxd.com/film/free-guy/
Visual Effects,No Time To Die,"Charlie Noble, Joel Green, Jonathan Fawkner and Chris Corbould",0,2022,https://letterboxd.com/film/no-time-to-die-2021/
Visual Effects,Shang-Chi and the Legend of the Ten Rings,"Christopher Townsend, Joe Farrell, Sean Noel Walker and Dan Oliver",0,2022,https://letterboxd.com/film/shang-chi-and-the-legend-of-the-ten-rings/
Visual Effects,Spider-Man: No Way Home,"Kelly Port, Chris Waegner, Scott Edelstein and Dan Sudick",0,2022,https://letterboxd.com/film/spider-man-no-way-home/
Writing (Adapted Screenplay),CODA,Siân Heder,1,2022,https://letterboxd.com/film/coda-2021/
Writing (Adapted Screenplay),Drive My Car,"Ryusuke Hamaguchi, Takamasa Oe",0,2022,https://letterboxd.com/film/drive-my-car/
Writing (Adapted Screenplay),Dune,"Jon Spaihts, Denis Villeneuve and Eric Roth",0,2022,https://letterboxd.com/film/dune-2021/
Writing (Adapted Screenplay),The Lost Daughter,Maggie Gyllenhaal,0,2022,https://letterboxd.com/film/the-lost-daughter-2021/
Writing (Adapted Screenplay),The Power of the Dog,Jane Campion,0,2022,https://letterboxd.com/film/the-power-of-the-dog/
Writing (Original Screenplay),Belfast,Kenneth Branagh,1,2022,https://letterboxd.com/film/belfast/
Writing (Original Screenplay),Don't Look Up,Adam McKay,0,2022,https://letterboxd.com/film/dont-look-up-2021/
Writing (Original Screenplay),King Richard,Zach Baylin,0,2022,https://letterboxd.com/film/king-richard/
Writing (Original Screenplay),Licorice Pizza,Paul Thomas Anderson,0,2022,https://letterboxd.com/film/licorice-pizza/
Writing (Original Screenplay),The Worst Person in the World,"Eskil Vogt, Joachim Trier",0,2022,https://letterboxd.com/film/the-worst-person-in-the-world/
Actor in a Leading Role,The Father,Anthony Hopkins,1,2021,https://letterboxd.com/film/the-father-2020/
Actor in a Leading Role,Sound of Metal,Riz Ahmed,0,2021,https://letterboxd.com/film/sound-of-metal/
Actor in a Leading Role,Ma Rainey's Black Bottom,Chadwick Boseman,0,2021,https://letterboxd.com/film/ma-raineys-black-bottom/
Actor in a Leading Role,Mank,Gary Oldman,0,2021,https://letterboxd.com/film/mank/
Actor in a Leading Role,Minari,Steven Yeun,0,2021,https://letterboxd.com/film/minari/
Actor in a Supporting Role,Judas and the Black Messiah,Daniel Kaluuya,1,2021,https://letterboxd.com/film/judas-and-the-black-messiah/
Actor in a Supporting Role,The Trial of the Chicago 7,Sacha Baron Cohen,0,2021,https://letterboxd.com/film/the-trial-of-the-chicago-7/
Actor in a Supporting Role,One Night in Miami...,"Leslie Odom, Jr.",0,2021,https://letterboxd.com/film/one-night-in-miami/
Actor in a Supporting Role,Sound of Metal,Paul Raci,0,2021,https://letterboxd.com/film/sound-of-metal/
Actor in a Supporting Role,Judas and the Black Messiah,Lakeith Stanfield,0,2021,https://letterboxd.com/film/judas-and-the-black-messiah/
Actress in a Leading Role,Nomadland,Frances McDormand,1,2021,https://letterboxd.com/film/nomadland/
Actress in a Leading Role,Ma Rainey's Black Bottom,Viola Davis,0,2021,https://letterboxd.com/film/ma-raineys-black-bottom/
Actress in a Leading Role,The United States vs. Billie Holiday,Andra Day,0,2021,https://letterboxd.com/film/the-united-states-vs-billie-holiday/
Actress in a Leading Role,Pieces of a Woman,Vanessa Kirby,0,2021,https://letterboxd.com/film/pieces-of-a-woman/
Actress in a Leading Role,Promising Young Woman,Carey Mulligan,0,2021,https://letterboxd.com/film/promising-young-woman/
Actress in a Supporting Role,Minari,Yuh-Jung Youn,1,2021,https://letterboxd.com/film/minari/
Actress in a Supporting Role,Borat Subsequent Moviefilm,Maria Bakalova,0,2021,https://letterboxd.com/film/borat-subsequent-moviefilm/
Actress in a Supporting Role,Hillbilly Elegy,Glenn Close,0,2021,https://letterboxd.com/film/hillbilly-elegy/
Actress in a Supporting Role,The Father,Olivia Colman,0,2021,https://letterboxd.com/film/the-father-2020/
Actress in a Supporting Role,Mank,Amanda Seyfried,0,2021,https://letterboxd.com/film/mank/
Animated Feature Film,Soul,Pete Docter and Dana Murray,1,2021,https://letterboxd.com/film/soul-2020/
Animated Feature Film,Onward,Dan Scanlon and Kori Rae,0,2021,https://letterboxd.com/film/onward-2020/
Animated Feature Film,Over the Moon,"Glen Keane, Gennie Rim and Peilin Chou",0,2021,https://letterboxd.com/film/over-the-moon-2020/
Animated Feature Film,A Shaun the Sheep Movie: Farmageddon,"Richard Phelan, Will Becher and Paul Kewley",0,2021,https://letterboxd.com/film/a-shaun-the-sheep-movie-farmageddon/
Animated Feature Film,Wolfwalkers,"Tomm Moore, Ross Stewart, Paul Young and Stéphan Roelants",0,2021,https://letterboxd.com/film/wolfwalkers/
Cinematography,Mank,Erik Messerschmidt,1,2021,https://letterboxd.com/film/mank/
Cinematography,Judas and the Black Messiah,Sean Bobbitt,0,2021,https://letterboxd.com/film/judas-and-the-black-messiah/
Cinematography,News of the World,Dariusz Wolski,0,2021,https://letterboxd.com/film/news-of-the-world/
Cinematography,Nomadland,Joshua James Richards,0,2021,https://letterboxd.com/film/nomadland/
Cinematography,The Trial of the Chicago 7,Phedon Papamichael,0,2021,https://letterboxd.com/film/the-trial-of-the-chicago-7/
Costume Design,Ma Rainey's Black Bottom,Ann Roth,1,2021,https://letterboxd.com/film/ma-raineys-black-bottom/
Costume Design,Emma,Alexandra Byrne,0,2021,https://letterboxd.com/film/emma-2020/
Costume Design,Mank,Trish Summerville,0,2021,https://letterboxd.com/film/mank/
Costume Design,Mulan,Bina Daigeler,0,2021,https://letterboxd.com/film/mulan-2020/
Costume Design,Pinocchio,Massimo Cantini Parrini,0,2021,https://letterboxd.com/film/pinocchio-2019/
Directing,Nomadland,Chloé Zhao,1,2021,https://letterboxd.com/film/nomadland/
Directing,Another Round,Thomas Vinterberg,0,2021,https://letterboxd.com/film/another-round/
Directing,Mank,David Fincher,0,2021,https://letterboxd.com/film/mank/
Directing,Minari,Lee Isaac Chung,0,2021,https://letterboxd.com/film/minari/
Directing,Promising Young Woman,Emerald Fennell,0,2021,https://letterboxd.com/film/promising-young-woman/
Documentary (Feature),My Octopus Teacher,"Pippa Ehrlich, James Reed and Craig Foster",1,2021,https://letterboxd.com/film/my-octopus-teacher/
Documentary (Feature),Collective,Alexander Nanau and Bianca Oana,0,2021,https://letterboxd.com/film/collective/
Documentary (Feature),Crip Camp,"Nicole Newnham, Jim LeBrecht and Sara Bolder",0,2021,https://letterboxd.com/film/crip-camp/
Documentary (Feature),The Mole Agent,Maite Alberdi and Marcela Santibáñez,0,2021,https://letterboxd.com/film/the-mole-agent/
Documentary (Feature),Time,"Garrett Bradley, Lauren Domino and Kellen Quinn",0,2021,https://letterboxd.com/film/time-2020/
Documentary (Short Subject),Colette,Anthony Giacchino and Alice Doyard,1,2021,https://letterboxd.com/film/colette-2020/
Documentary (Short Subject),A Concerto Is a Conversation,Ben Proudfoot and Kris Bowers,0,2021,https://letterboxd.com/film/a-concerto-is-a-conversation/
Documentary (Short Subject),Do Not Split,Anders Hammer and Charlotte Cook,0,2021,https://letterboxd.com/film/do-not-split/
Documentary (Short Subject),Hunger Ward,Skye Fitzgerald and Michael Scheuerman,0,2021,https://letterboxd.com/film/hunger-ward/
Documentary (Short Subject),A Love Song for Latasha,Sophia Nahli Allison and Janice Duncan,0,2021,https://letterboxd.com/film/a-love-song-for-latasha/
Film Editing,Sound of Metal,Mikkel E. G. Nielsen,1,2021,https://letterboxd.com/film/sound-of-metal/
Film Editing,The Father,Yorgos Lamprinos,0,2021,https://letterboxd.com/film/the-father-2020/
Film Editing,Nomadland,Chloé Zhao,0,2021,https://letterboxd.com/film/nomadland/
Film Editing,Promising Young Woman,Frédéric Thoraval,0,2021,https://letterboxd.com/film/promising-young-woman/
Film Editing,The Trial of the Chicago 7,Alan Baumgarten,0,2021,https://letterboxd.com/film/the-trial-of-the-chicago-7/
International Feature Film,Another Round,Denmark,1,2021,https://letterboxd.com/film/another-round/
International Feature Film,Better Days,Hong Kong,0,2021,https://letterboxd.com/film/better-days-2019/
International Feature Film,Collective,Romania,0,2021,https://letterboxd.com/film/collective/
International Feature Film,The Man Who Sold His Skin,Tunisia,0,2021,https://letterboxd.com/film/the-man-who-sold-his-skin/
International Feature Film,"Quo Vadis, Aida?",Bosnia and Herzegovina,0,2021,https://letterboxd.com/film/quo-vadis-aida/
Makeup and Hairstyling,Ma Rainey's Black Bottom,"Sergio Lopez-Rivera, Mia Neal and Jamika Wilson",1,2021,https://letterboxd.com/film/ma-raineys-black-bottom/
Makeup and Hairstyling,Emma,"Marese Langan, Laura Allen and Claudia Stolze",0,2021,https://letterboxd.com/film/emma-2020/
Makeup and Hairstyling,Hillbilly Elegy,"Eryn Krueger Mekash, Matthew Mungle and Patricia Dehaney",0,2021,https://letterboxd.com/film/hillbilly-elegy/
Makeup and Hairstyling,Mank,"Gigi Williams, Kimberley Spiteri and Colleen LaBaff",0,2021,https://letterboxd.com/film/mank/
Makeup and Hairstyling,Pinocchio,"Mark Coulier, Dalia Colli and Francesco Pegoretti",0,2021,https://letterboxd.com/film/pinocchio-2019/
Music (Original Score),Soul,"Trent Reznor, Atticus Ross and Jon Batiste",1,2021,https://letterboxd.com/film/soul-2020/
Music (Original Score),Da 5 Bloods,Terence Blanchard,0,2021,https://letterboxd.com/film/da-5-bloods/
Music (Original Score),Mank,Trent Reznor and Atticus Ross,0,2021,https://letterboxd.com/film/mank/
Music (Original Score),Minari,Emile Mosseri,0,2021,https://letterboxd.com/film/minari/
Music (Original Score),News of the World,James Newton Howard,0,2021,https://letterboxd.com/film/news-of-the-world/
Best Picture,Nomadland,"Frances McDormand, Peter Spears, Mollye Asher, Dan Janvey and Chloé Zhao, Producers",1,2021,https://letterboxd.com/film/nomadland/
Best Picture,The Father,"David Parfitt, Jean-Louis Livi and Philippe Carcassonne, Producers",0,2021,https://letterboxd.com/film/the-father-2020/
Best Picture,Judas and the Black Messiah,"Shaka King, Charles D. King and Ryan Coogler, Producers",0,2021,https://letterboxd.com/film/judas-and-the-black-messiah/
Best Picture,Mank,"Ceán Chaffin, Eric Roth and Douglas Urbanski, Producers",0,2021,https://letterboxd.com/film/mank/
Best Picture,Minari,"Christina Oh, Producer",0,2021,https://letterboxd.com/film/minari/
Best Picture,Promising Young Woman,"Ben Browning, Ashley Fox, Emerald Fennell and Josey McNamara, Producers",0,2021,https://letterboxd.com/film/promising-young-woman/
Best Picture,Sound of Metal,"Bert Hamelinck and Sacha Ben Harroche, Producers",0,2021,https://letterboxd.com/film/sound-of-metal/
Best Picture,The Trial of the Chicago 7,"Marc Platt and Stuart Besser, Producers",0,2021,https://letterboxd.com/film/the-trial-of-the-chicago-7/
Production Design,Mank,Production Design: Donald Graham Burt; Set Decoration: Jan Pascale,1,2021,https://letterboxd.com/film/mank/
Production Design,The Father,Production Design: Peter Francis; Set Decoration: Cathy Featherstone,0,2021,https://letterboxd.com/film/the-father-2020/
Production Design,Ma Rainey's Black Bottom,Production Design: Mark Ricker; Set Decoration: Karen O'Hara and Diana Stoughton,0,2021,https://letterboxd.com/film/ma-raineys-black-bottom/
Production Design,News of the World,Production Design: David Crank; Set Decoration: Elizabeth Keenan,0,2021,https://letterboxd.com/film/news-of-the-world/
Production Design,Tenet,Production Design: Nathan Crowley; Set Decoration: Kathy Lucas,0,2021,https://letterboxd.com/film/tenet/
Short Film (Animated),If Anything Happens I Love You,Will McCormack and Michael Govier,1,2021,https://letterboxd.com/film/if-anything-happens-i-love-you/
Short Film (Animated),Burrow,Madeline Sharafian and Michael Capbarat,0,2021,https://letterboxd.com/film/burrow/
Short Film (Animated),Genius Loci,Adrien Mérigeau and Amaury Ovise,0,2021,https://letterboxd.com/film/genius-loci/
Short Film (Animated),Opera,Erick Oh,0,2021,https://letterboxd.com/film/opera-2020/
Short Film (Animated),Yes-People,Gísli Darri Halldórsson and Arnar Gunnarsson,0,2021,https://letterboxd.com/film/yes-people/
Short Film (Live Action),Two Distant Strangers,Travon Free and Martin Desmond Roe,1,2021,https://letterboxd.com/film/two-distant-strangers/
Short Film (Live Action),Feeling Through,Doug Roland and Susan Ruzenski,0,2021,https://letterboxd.com/film/feeling-through/
Short Film (Live Action),The Letter Room,Elvira Lind and Sofia Sondervan,0,2021,https://letterboxd.com/film/the-letter-room/
Short Film (Live Action),The Present,Farah Nabulsi and Ossama Bawardi,0,2021,https://letterboxd.com/film/the-present-2020/
Short Film (Live Action),White Eye,Tomer Shushan and Shira Hochman,0,2021,https://letterboxd.com/film/white-eye/
Sound,Sound of Metal,"Nicolas Becker, Jaime Baksht, Michellee Couttolenc, Carlos Cortés and Phillip Bladh",1,2021,https://letterboxd.com/film/sound-of-metal/
Sound,Greyhound,"Warren Shaw, Michael Minkler, Beau Borders and David Wyman",0,2021,https://letterboxd.com/film/greyhound/
Sound,Mank,"Ren Klyce, Jeremy Molod, David Parker, Nathan Nance and Drew Kunin",0,2021,https://letterboxd.com/film/mank/
Sound,News of the World,"Oliver Tarney, Mike Prestwood Smith, William Miller and John Pritchett",0,2021,https://letterboxd.com/film/news-of-the-world/
Sound,Soul,"Ren Klyce, Coya Elliott and David Parker",0,2021,https://letterboxd.com/film/soul-2020/
Visual Effects,Tenet,"Andrew Jackson, David Lee, Andrew Lockley and Scott Fisher",1,2021,https://letterboxd.com/film/tenet/
Visual Effects,Love and Monsters,"Matt Sloan, Genevieve Camilleri, Matt Everitt and Brian Cox",0,2021,https://letterboxd.com/film/love-and-monsters/
Visual Effects,The Midnight Sky,"Matthew Kasmir, Christopher Lawrence, Max Solomon and David Watkins",0,2021,https://letterboxd.com/film/the-midnight-sky/
Visual Effects,Mulan,"Sean Faden, Anders Langlands, Seth Maury and Steve Ingram",0,2021,https://letterboxd.com/film/mulan-2020/
Visual Effects,The One and Only Ivan,"Nick Davis, Greg Fisher, Ben Jones and Santiago Colomo Martinez",0,2021,https://letterboxd.com/film/the-one-and-only-ivan/
Writing (Adapted Screenplay),The Father,Screenplay by Christopher Hampton and Florian Zeller,1,2021,https://letterboxd.com/film/the-father-2020/
Writing (Adapted Screenplay),Borat Subsequent Moviefilm,Screenplay by Sacha Baron Cohen & Anthony Hines & Dan Swimer & Peter Baynham & Erica Rivinoja & Dan Mazer & Jena Friedman & Lee Kern; Story by Sacha Baron Cohen & Anthony Hines & Dan Swimer & Nina Pedrad,0,2021,https://letterboxd.com/film/borat-subsequent-moviefilm/
Writing (Adapted Screenplay),Nomadland,Written for the screen by Chloé Zhao,0,2021,https://letterboxd.com/film/nomadland/
Writing (Adapted Screenplay),One Night in Miami...,Screenplay by Kemp Powers,0,2021,https://letterboxd.com/film/one-night-in-miami/
Writing (Adapted Screenplay),The White Tiger,Written for the screen by Ramin Bahrani,0,2021,https://letterboxd.com/film/the-white-tiger/
Writing (Original Screenplay),Promising Young Woman,Written by Emerald Fennell,1,2021,https://letterboxd.com/film/promising-young-woman/
Writing (Original Screenplay),Judas and the Black Messiah,Screenplay by Will Berson & Shaka King; Story by Will Berson & Shaka King and Kenny Lucas & Keith Lucas,0,2021,https://letterboxd.com/film/judas-and-the-black-messiah/
Writing (Original Screenplay),Minari,Written by Lee Isaac Chung,0,2021,https://letterboxd.com/film/minari/
Writing (Original Screenplay),Sound of Metal,Screenplay by Darius Marder & Abraham Marder; Story by Darius Marder & Derek Cianfrance,0,2021,https://letterboxd.com/film/sound-of-metal/
Writing (Original Screenplay),The Trial of the Chicago 7,Written by Aaron Sorkin,0,2021,https://letterboxd.com/film/the-trial-of-the-chicago-7/
